mc,t,receiver_clock_s,pos_error_m,vel_error_mps,x_error_m,y_error_m,z_error_m,vx_error_mps,vy_error_mps,vz_error_mps,clock_bias_error_m,clock_drift_error_mps,x_3sigma_m,y_3sigma_m,z_3sigma_m,vx_3sigma_mps,vy_3sigma_mps,vz_3sigma_mps,r_error_m,t_error_m,n_error_m,rdot_error_mps,tdot_error_mps,ndot_error_mps,r_3sigma_m,t_3sigma_m,n_3sigma_m,rdot_3sigma_mps,tdot_3sigma_mps,ndot_3sigma_mps,clock_bias_3sigma_m,clock_drift_3sigma_mps,srp_coeff_est_m2_kg,srp_coeff_error_m2_kg,srp_coeff_3sigma_m2_kg,num_channels,num_tracked_satellites,num_measurements
0,0,2e-06,23.4545,0.0410096,11.0603,-9.63389,18.3022,0.0402193,-0.00785159,-0.00159664,30.8167,0.00159435,59.9704,59.9071,59.9348,0.06,0.06,0.06,14.8752,-5.58495,17.2525,-0.0139639,-0.0128582,0.0363519,59.9499,59.9457,59.9166,0.06,0.06,0.06,65.6434,0,nan,nan,nan,4,4,4
0,1,1,22.7235,0.074075,10.8451,-9.4729,17.5786,0.0573321,-0.0425434,-0.0197537,37.5728,0.00159273,59.9626,59.8992,59.8956,0.0599691,0.0598736,0.0599663,14.2596,-5.31254,16.876,-0.0275306,0.0130513,0.0675192,59.9152,59.9396,59.9027,0.0599813,0.0599303,0.0598975,62.8173,0,nan,nan,nan,4,4,8
0,2,2,22.6251,0.0710567,10.7479,-9.5455,17.4717,0.0559521,-0.0397969,-0.0182928,38.0032,0.00159788,59.9548,59.8914,59.8566,0.0599386,0.0597485,0.0599331,14.2142,-5.17444,16.8248,-0.0264199,0.0110208,0.0650353,59.8805,59.9334,59.8889,0.0599629,0.0598613,0.0597961,61.846,0,nan,nan,nan,4,4,8
0,3,3,21.0588,0.0481583,10.0597,-9.14914,16.0801,0.0446557,-0.0169344,-0.00619017,38.0065,0.00160182,59.947,59.8837,59.8178,0.0599084,0.0596245,0.0599003,13.1119,-4.57293,15.8316,-0.0173707,-0.0060903,0.0445016,59.846,59.9273,59.8751,0.0599449,0.0597928,0.0596956,61.3544,0,nan,nan,nan,4,4,8
0,4,4,21.1523,0.0343128,9.50221,-9.48267,16.3465,0.0331458,0.00644795,0.00609503,40.7442,0.00160167,59.9393,59.876,59.779,0.0598786,0.0595016,0.0598678,13.6359,-4.1664,15.6245,-0.00823758,-0.0235852,0.0235212,59.8116,59.9212,59.8614,0.0599272,0.059725,0.0595961,61.0576,0,nan,nan,nan,4,4,8
0,5,5,20.4383,0.0401664,9.46737,-9.03922,15.6966,0.0223081,0.0283747,0.0176228,40.8951,0.00160511,59.9316,59.8683,59.7404,0.059849,0.0593798,0.0598357,12.9493,-4.22677,15.2372,0.000326966,-0.0399837,0.00381281,59.7774,59.9152,59.8478,0.0599098,0.0596576,0.0594974,60.8588,0,nan,nan,nan,4,4,8
0,6,6,20.4087,0.0589776,8.90401,-9.19389,15.8967,0.0115543,0.0500115,0.0290466,37.3983,0.00160712,59.9239,59.8607,59.7019,0.0598197,0.0592589,0.0598039,13.3705,-3.92742,14.9104,0.00882147,-0.0561679,-0.0156748,59.7432,59.9091,59.8342,0.0598927,0.0595908,0.0593996,60.7165,0,nan,nan,nan,4,4,8
0,7,7,18.9774,0.08326,8.18195,-8.69487,14.7512,0.000400885,0.072609,0.0407431,35.3658,0.00162182,59.9163,59.8531,59.6636,0.0597907,0.059139,0.0597724,12.4763,-3.48819,13.8678,0.0174343,-0.0730216,-0.0360018,59.7092,59.9031,59.8207,0.059876,0.0595245,0.0593026,60.6095,0,nan,nan,nan,4,4,8
0,8,8,17.0986,0.109058,7.78408,-7.73038,13.1154,-0.0106637,0.0950185,0.0524545,32.8375,0.00161496,59.9087,59.8456,59.6253,0.0597619,0.05902,0.0597413,10.9051,-3.35567,12.7351,0.0260548,-0.0897917,-0.0561455,59.6753,59.8971,59.8072,0.0598595,0.0594585,0.0592063,60.5262,0,nan,nan,nan,4,4,8
0,9,9,17.7946,0.136071,7.47194,-7.95766,14.0533,-0.0219556,0.117816,0.0644419,29.2965,0.00160904,59.9011,59.8381,59.5872,0.0597333,0.0589018,0.0597104,11.9143,-3.43249,12.7638,0.0348815,-0.106877,-0.076655,59.6416,59.8912,59.7938,0.0598432,0.059393,0.0591107,60.4595,0,nan,nan,nan,4,4,8
0,10,10,18.2697,0.175846,7.38441,-7.79053,14.7837,-0.0387731,0.151095,0.0811721,26.9464,0.00160272,59.8936,59.8307,59.5492,0.059705,0.0587843,0.0596798,12.5531,-3.83427,12.7082,0.0472008,-0.131338,-0.106978,59.6079,59.8852,59.7805,0.0598273,0.0593279,0.0590157,60.4048,0,nan,nan,nan,4,4,8
0,11,11,18.1278,0.18733,7.17171,-7.5513,14.8378,-0.0430337,0.160255,0.0869415,22.9301,0.00160081,59.8861,59.8232,59.5113,0.0596769,0.0586677,0.0596494,12.6139,-3.94596,12.4071,0.0514255,-0.138768,-0.114853,59.5744,59.8793,59.7672,0.0598116,0.0592632,0.0589214,60.3593,0,nan,nan,nan,4,4,8
0,12,12,17.0071,0.22093,6.96431,-6.61032,14.0372,-0.0568528,0.188047,0.101075,21.8159,0.00160223,59.8786,59.8159,59.4735,0.0596489,0.0585517,0.0596193,11.7252,-4.23665,11.5677,0.0617154,-0.159402,-0.139972,59.541,59.8734,59.754,0.0597961,0.0591988,0.0588276,60.3207,0,nan,nan,nan,4,4,8
0,13,13,16.2929,0.239154,6.12692,-6.33238,13.7048,-0.0641075,0.202865,0.109228,20.4694,0.00160177,59.8712,59.8086,59.4358,0.0596212,0.0584363,0.0595894,11.6589,-3.91206,10.6876,0.0676481,-0.170746,-0.15318,59.5077,59.8675,59.7408,0.0597808,0.0591347,0.0587344,60.2877,0,nan,nan,nan,4,4,8
0,14,14,16.4431,0.263713,5.52767,-6.22579,14.1796,-0.0739659,0.222896,0.119962,19.1951,0.00159297,59.8638,59.8013,59.3983,0.0595936,0.0583215,0.0595597,12.2714,-3.91345,10.2212,0.07545,-0.18593,-0.17112,59.4745,59.8616,59.7276,0.0597658,0.0590708,0.0586417,60.2591,0,nan,nan,nan,4,4,8
0,15,15,15.6104,0.284094,4.64858,-5.79084,13.731,-0.082077,0.239436,0.129008,17.4144,0.00158655,59.8564,59.794,59.3608,0.0595662,0.0582073,0.0595303,12.076,-3.63994,9.19816,0.0820063,-0.198576,-0.185882,59.4414,59.8558,59.7146,0.059751,0.0590073,0.0585495,60.234,0,nan,nan,nan,4,4,8
0,16,16,16.4359,0.309286,4.35685,-5.70834,14.7842,-0.0921376,0.259841,0.140183,15.4404,0.00158807,59.8491,59.7868,59.3235,0.059539,0.0580937,0.059501,13.0981,-4.01829,9.07921,0.0901384,-0.214155,-0.204134,59.4085,59.8499,59.7016,0.0597364,0.0589439,0.0584577,60.2119,0,nan,nan,nan,4,4,8
0,17,17,15.8732,0.318246,4.49355,-4.92828,14.4041,-0.0958614,0.267675,0.142971,14.1668,0.00158521,59.8418,59.7797,59.2863,0.0595119,0.0579805,0.0594718,12.4997,-4.52821,8.67236,0.0917746,-0.219605,-0.211261,59.3756,59.8441,59.6886,0.0597221,0.0588808,0.0583663,60.1923,0,nan,nan,nan,4,4,8
0,18,18,16.1175,0.330223,4.15598,-4.70313,14.8452,-0.0998948,0.277292,0.148919,13.5941,0.00158213,59.8345,59.7725,59.2492,0.0594849,0.0578677,0.0594429,12.9542,-4.73429,8.33947,0.0958607,-0.22762,-0.219196,59.3429,59.8383,59.6757,0.0597079,0.0588179,0.0582753,60.1748,0,nan,nan,nan,4,4,8
0,19,19,15.7031,0.343987,3.65798,-4.18401,14.6867,-0.105894,0.287975,0.155511,11.3432,0.00157246,59.8273,59.7654,59.2122,0.0594581,0.0577554,0.0594141,12.8549,-4.83253,7.61467,0.10095,-0.235783,-0.229221,59.3103,59.8325,59.6628,0.0596938,0.0587552,0.0581846,60.159,0,nan,nan,nan,4,4,8
0,20,20,14.6194,0.306319,4.07185,-3.73486,13.535,-0.0911016,0.257935,0.137845,10.4439,0.0015727,59.8201,59.7584,59.1754,0.0594313,0.0576434,0.0593854,11.5538,-4.89138,7.504,0.0876143,-0.212433,-0.202551,59.2778,59.8268,59.65,0.05968,0.0586926,0.0580943,60.1447,0,nan,nan,nan,4,4,8
0,21,21,13.7839,0.287784,3.87473,-3.43044,12.7755,-0.0836268,0.242319,0.130796,9.14515,0.00156464,59.8129,59.7513,59.1386,0.0594047,0.0575318,0.0593569,10.8656,-4.71175,7.05226,0.0826111,-0.201125,-0.18853,59.2455,59.821,59.6373,0.0596664,0.0586301,0.0580043,60.1318,0,nan,nan,nan,4,4,8
0,22,22,13.7612,0.259697,3.57583,-3.80402,12.7324,-0.0724748,0.219429,0.118495,7.73681,0.00156567,59.8058,59.7444,59.1019,0.0593782,0.0574205,0.0593285,11.0341,-4.271,7.02689,0.0735357,-0.183763,-0.168126,59.2132,59.8153,59.6246,0.0596529,0.0585678,0.0579145,60.12,0,nan,nan,nan,4,4,8
0,23,23,13.4491,0.228075,4.17055,-3.67285,12.2472,-0.0597137,0.193602,0.104741,6.8373,0.00156647,59.7987,59.7374,59.0654,0.0593517,0.0573095,0.0593002,10.3449,-4.45613,7.3487,0.0633845,-0.164293,-0.144942,59.181,59.8096,59.6119,0.0596395,0.0585056,0.057825,60.1092,0,nan,nan,nan,4,4,8
0,24,24,14.0124,0.196165,4.63592,-4.0972,12.5725,-0.0467652,0.16735,0.091037,6.74602,0.00156661,59.7916,59.7305,59.029,0.0593254,0.0571987,0.059272,10.5734,-4.50208,8.01755,0.0533474,-0.144597,-0.121353,59.149,59.8039,59.5993,0.0596264,0.0584435,0.0577357,60.0993,0,nan,nan,nan,4,4,8
0,25,25,13.5695,0.16454,4.95487,-4.16256,11.927,-0.0338674,0.141303,0.0771999,6.79953,0.00156583,59.7845,59.7236,58.9927,0.0592991,0.0570882,0.0592439,9.89601,-4.33431,8.2106,0.0431818,-0.124963,-0.0979444,59.1171,59.7982,59.5867,0.0596134,0.0583814,0.0576467,60.0901,0,nan,nan,nan,4,4,8
0,26,26,12.9202,0.132635,4.9795,-4.36122,11.0957,-0.0207443,0.114786,0.0631341,7.29363,0.00157143,59.7775,59.7167,58.9564,0.0592729,0.0569778,0.0592158,9.19843,-3.84246,8.21921,0.0328823,-0.104965,-0.074116,59.0852,59.7925,59.5742,0.0596005,0.0583194,0.0575578,60.0817,0,nan,nan,nan,4,4,8
0,27,27,10.8108,0.100412,4.55933,-4.15592,8.87779,-0.0072728,0.0875422,0.0486416,7.60962,0.00157846,59.7705,59.7099,58.9203,0.0592468,0.0568677,0.0591879,7.32464,-2.84611,7.42453,0.0222974,-0.0843817,-0.0496498,59.0535,59.7869,59.5618,0.0595877,0.0582575,0.057469,60.0739,0,nan,nan,nan,4,4,8
0,28,28,11.178,0.0656868,5.66384,-4.38979,8.57898,0.00802313,0.0566124,0.0323329,7.88217,0.00158348,59.7636,59.7031,58.8843,0.0592207,0.0567577,0.05916,6.71118,-3.07272,8.39444,0.0104464,-0.061059,-0.0218498,59.0219,59.7813,59.5494,0.0595752,0.0581956,0.0573805,60.0666,0,nan,nan,nan,4,4,8
0,29,29,10.4275,0.0387861,5.91196,-4.57729,7.26842,0.022881,0.026668,0.0164207,8.45227,0.00158252,59.7567,59.6964,58.8484,0.0591947,0.0566479,0.0591322,5.50379,-2.48548,8.50079,-0.0011259,-0.0384349,0.00508474,58.9904,59.7757,59.537,0.0595627,0.0581337,0.057292,60.0599,0,nan,nan,nan,4,4,8
0,30,30,10.1277,0.0366211,6.41594,-4.77271,6.2151,0.0365656,-0.000943886,0.00177971,9.2563,0.00158031,59.7498,59.6896,58.8127,0.0591688,0.0565381,0.0591045,4.43277,-2.12468,8.85476,-0.0117371,-0.017565,0.0299135,58.959,59.7701,59.5247,0.0595504,0.0580718,0.0572037,60.0536,0,nan,nan,nan,4,4,8
0,31,31,10.7769,0.0602894,7.32666,-5.26194,5.89687,0.0508126,-0.0295942,-0.0133071,10.3004,0.00157325,59.7429,59.6829,58.777,0.0591428,0.0564285,0.0590768,3.94356,-2.05211,9.81724,-0.0226429,0.00403564,0.0557299,58.9277,59.7645,59.5125,0.0595381,0.05801,0.0571154,60.0477,0,nan,nan,nan,4,4,8
0,32,32,11.1323,0.0586539,7.5107,-5.34201,6.24349,0.0500284,-0.0279696,-0.0124552,10.971,0.00157092,59.7361,59.6763,58.7414,0.0591169,0.0563189,0.0590492,4.20318,-2.23237,10.0637,-0.0220353,0.00281604,0.0542844,58.8965,59.7589,59.5002,0.0595261,0.0579481,0.0570273,60.0422,0,nan,nan,nan,4,4,8
0,33,33,10.4232,0.0415493,7.18827,-4.66402,5.93461,0.040556,-0.00869687,-0.00243289,11.8444,0.00156766,59.7293,59.6696,58.7059,0.0590911,0.0562094,0.0590216,3.86262,-2.46363,9.36241,-0.0148778,-0.0117026,0.0369871,58.8655,59.7533,59.4881,0.0595141,0.0578862,0.0569392,60.037,0,nan,nan,nan,4,4,8
0,34,34,11.1027,0.0337422,7.24894,-4.5203,7.09155,0.0314685,0.00969275,0.00737026,12.792,0.00155827,59.7225,59.663,58.6705,0.0590653,0.0561,0.058994,4.8251,-3.1091,9.5038,-0.00783579,-0.0256457,0.0204802,58.8345,59.7478,59.4759,0.0595022,0.0578242,0.0568511,60.0321,0,nan,nan,nan,4,4,8
0,35,35,11.021,0.0402952,6.99645,-4.06479,7.48264,0.0219834,0.0289189,0.0174392,13.5036,0.00156852,59.7158,59.6564,58.6353,0.0590395,0.0559906,0.0589665,5.13909,-3.50965,9.09587,-0.000657534,-0.0401619,0.00320729,58.8036,59.7422,59.4639,0.0594905,0.0577623,0.0567631,60.0276,0,nan,nan,nan,4,4,8
0,36,36,10.6217,0.05688,6.44904,-3.57458,7.64538,0.0124771,0.0481233,0.027637,13.8433,0.00156593,59.709,59.6499,58.6001,0.0590137,0.0558811,0.058939,5.35069,-3.69644,8.39797,0.00662953,-0.0547173,-0.01405,58.7729,59.7367,59.4518,0.0594789,0.0577002,0.0566752,60.0232,0,nan,nan,nan,4,4,8
0,37,37,9.14179,0.0784246,5.25543,-2.83167,6.92347,0.00242926,0.0684008,0.0382864,13.9894,0.0015752,59.7024,59.6433,58.565,0.058988,0.0557717,0.0589115,4.9501,-3.38049,6.90225,0.0142046,-0.0700392,-0.0322979,58.7422,59.7312,59.4398,0.0594674,0.0576382,0.0565872,60.0192,0,nan,nan,nan,4,4,8
0,38,38,7.76582,0.100913,4.34827,-1.91218,6.14362,-0.00729975,0.0881436,0.0485887,14.4572,0.00157224,59.6957,59.6368,58.5301,0.0589623,0.0556623,0.058884,4.34291,-3.30979,5.52199,0.0214802,-0.0849638,-0.050032,58.7117,59.7257,59.4279,0.0594559,0.057576,0.0564993,60.0154,0,nan,nan,nan,4,4,8
0,39,39,6.89959,0.122876,3.71094,-1.03114,5.72451,-0.0165189,0.106806,0.0584651,14.6256,0.00157447,59.6891,59.6303,58.4952,0.0589366,0.0555529,0.0588566,3.96488,-3.49595,4.43423,0.0284665,-0.0991311,-0.0667921,58.6812,59.7202,59.416,0.0594446,0.0575138,0.0564113,60.0117,0,nan,nan,nan,4,4,8
0,40,40,7.32886,0.155187,2.93798,-0.500702,6.6955,-0.0302563,0.134059,0.0720796,15.2129,0.00157832,59.6825,59.6239,58.4604,0.0589109,0.0554434,0.0588292,4.96471,-3.96084,3.65726,0.0380586,-0.11934,-0.0916103,58.6509,59.7148,59.4041,0.0594334,0.0574516,0.0563234,60.0083,0,nan,nan,nan,4,4,8
0,41,41,7.18264,0.165306,2.9446,0.177003,6.54891,-0.0339677,0.14221,0.0771268,15.1015,0.00156562,59.6759,59.6175,58.4257,0.0588852,0.0553339,0.0588017,4.64219,-4.41871,3.24273,0.0415783,-0.126023,-0.0985673,58.6206,59.7093,59.3923,0.0594223,0.0573892,0.0562354,60.0051,0,nan,nan,nan,4,4,8
0,42,42,6.89489,0.188768,1.60839,0.637471,6.6743,-0.043625,0.161589,0.0872883,14.6352,0.00157073,59.6694,59.6111,58.3912,0.0588595,0.0552244,0.0587743,5.12347,-4.19145,1.92908,0.0487268,-0.14068,-0.116053,58.5905,59.7038,59.3806,0.0594113,0.0573268,0.0561475,60.002,0,nan,nan,nan,4,4,8
0,43,43,6.62115,0.209982,0.731509,1.46358,6.4158,-0.0522399,0.178952,0.0966415,14.244,0.00157529,59.6629,59.6047,58.3567,0.0588339,0.0551148,0.0587469,4.99158,-4.29222,0.707583,0.0553106,-0.153952,-0.13165,58.5604,59.6984,59.3688,0.0594004,0.0572642,0.0560595,59.999,0,nan,nan,nan,4,4,8
0,44,44,7.39376,0.231665,0.599038,2.29523,7.00291,-0.0609092,0.196632,0.106276,13.6102,0.00157721,59.6564,59.5983,58.3223,0.0588082,0.0550051,0.0587195,5.32585,-5.12457,0.204664,0.0620573,-0.167573,-0.147435,58.5305,59.693,59.3571,0.0593896,0.0572016,0.0559714,59.9963,0,nan,nan,nan,4,4,8
0,45,45,7.9432,0.260677,-0.798362,3.00823,7.30806,-0.072868,0.220449,0.118512,13.2118,0.00157789,59.6499,59.592,58.288,0.0587826,0.0548954,0.0586921,5.91851,-5.14121,-1.27815,0.0706096,-0.185457,-0.169035,58.5006,59.6875,59.3455,0.0593788,0.0571389,0.0558834,59.9936,0,nan,nan,nan,4,4,8
0,46,46,8.7286,0.272707,-1.14745,3.35642,7.97535,-0.0773732,0.229997,0.124433,12.7792,0.0015843,59.6435,59.5856,58.2538,0.0587569,0.0547855,0.0586647,6.53859,-5.53963,-1.65767,0.0747438,-0.193247,-0.177308,58.4709,59.6821,59.3339,0.0593682,0.0570761,0.0557953,59.9911,0,nan,nan,nan,4,4,8
0,47,47,9.52441,0.292734,-2.1501,3.89041,8.42356,-0.0853814,0.246166,0.133436,12.3385,0.00158053,59.6371,59.5793,58.2198,0.0587313,0.0546757,0.0586373,7.15876,-5.67265,-2.69958,0.081054,-0.205778,-0.191777,58.4412,59.6767,59.3223,0.0593576,0.0570132,0.0557071,59.9887,0,nan,nan,nan,4,4,8
0,48,48,11.0736,0.314789,-2.19005,4.4797,9.88738,-0.0948231,0.264397,0.142108,12.1523,0.00158791,59.6307,59.5731,58.1858,0.0587057,0.0545657,0.0586098,8.29696,-6.75637,-2.8524,0.0870174,-0.219058,-0.208647,58.4116,59.6713,59.3108,0.0593472,0.0569502,0.0556189,59.9865,0,nan,nan,nan,4,4,8
0,49,49,9.99119,0.291148,-1.90922,4.53518,8.69546,-0.085293,0.245098,0.131982,11.1836,0.00157725,59.6244,59.5668,58.1519,0.05868,0.0544556,0.0585824,7.11914,-6.40717,-2.84428,0.0797652,-0.204469,-0.191304,58.3822,59.6659,59.2993,0.0593368,0.0568871,0.0555307,59.9843,0,nan,nan,nan,4,4,8
0,50,50,9.7778,0.259725,-1.1788,3.6104,9.01003,-0.072404,0.219282,0.118871,10.5329,0.001577,59.6181,59.5606,58.118,0.0586544,0.0543455,0.058555,7.37701,-6.19569,-1.67286,0.0704655,-0.185182,-0.167926,58.3528,59.6605,59.2878,0.0593266,0.0568239,0.0554424,59.9822,0,nan,nan,nan,4,4,8
0,51,51,10.3301,0.241332,-0.823834,2.75643,9.92145,-0.0651245,0.204309,0.110716,10.1641,0.00158132,59.6118,59.5543,58.0843,0.0586287,0.0542353,0.0585276,8.28338,-6.12655,-0.750094,0.0646241,-0.173671,-0.154608,58.3235,59.6552,59.2764,0.0593164,0.0567606,0.055354,59.9802,0,nan,nan,nan,4,4,8
0,52,52,10.3409,0.221907,-0.793056,2.03849,10.1069,-0.0573948,0.18844,0.102171,9.43817,0.00158007,59.6055,59.5481,58.0507,0.0586031,0.054125,0.0585001,8.63404,-5.68431,-0.276272,0.0585366,-0.16151,-0.140466,58.2944,59.6498,59.2651,0.0593063,0.0566972,0.0552657,59.9784,0,nan,nan,nan,4,4,8
0,53,53,9.24234,0.19641,0.019218,1.96552,9.0309,-0.0470168,0.167533,0.0910993,9.02,0.00156606,59.5993,59.5419,58.0172,0.0585775,0.0540146,0.0584727,7.39524,-5.53804,0.247674,0.0506618,-0.145641,-0.121651,58.2653,59.6444,59.2537,0.0592963,0.0566337,0.0551772,59.9766,0,nan,nan,nan,4,4,8
0,54,54,10.147,0.171411,0.689433,0.715933,10.0982,-0.0368327,0.146923,0.0802413,8.44792,0.0015648,59.5931,59.5358,57.9837,0.0585519,0.0539041,0.0584452,8.4323,-5.3894,1.67705,0.0429857,-0.129992,-0.103132,58.2363,59.6391,59.2424,0.0592864,0.0565701,0.0550887,59.9748,0,nan,nan,nan,4,4,8
0,55,55,9.40997,0.161866,0.898012,0.89249,9.32441,-0.0334272,0.139439,0.0750999,8.52241,0.00156287,59.5869,59.5296,57.9504,0.0585262,0.0537935,0.0584178,7.61803,-5.28073,1.62081,0.0392067,-0.123647,-0.0968234,58.2074,59.6337,59.2312,0.0592766,0.0565063,0.0550002,59.9732,0,nan,nan,nan,4,4,8
0,56,56,8.74849,0.121271,2.06404,-0.111931,8.50078,-0.0161223,0.105264,0.0580178,8.365,0.00155103,59.5807,59.5235,57.9171,0.0585006,0.0536829,0.0583903,6.73283,-4.70525,3.01093,0.0272442,-0.0982625,-0.0656417,58.1786,59.6284,59.2199,0.0592668,0.0564425,0.0549117,59.9716,0,nan,nan,nan,4,4,8
0,57,57,8.2921,0.0958297,2.65822,-0.763684,7.81726,-0.0053877,0.0835878,0.046555,8.31791,0.00154818,59.5746,59.5174,57.884,0.058475,0.0535722,0.0583629,6.0883,-4.18894,3.76089,0.0191934,-0.0817614,-0.046152,58.1499,59.6231,59.2088,0.0592572,0.0563786,0.054823,59.9701,0,nan,nan,nan,4,4,8
0,58,58,7.38107,0.0717677,3.42,-1.02622,6.45993,0.00515914,0.0623716,0.0351249,8.38893,0.00154844,59.5685,59.5112,57.8509,0.0584494,0.0534614,0.0583354,4.67682,-3.7428,4.31266,0.011133,-0.0655249,-0.0270765,58.1213,59.6177,59.1976,0.0592476,0.0563146,0.0547344,59.9687,0,nan,nan,nan,4,4,8
0,59,59,7.19002,0.0505987,4.13555,-1.60906,5.65725,0.0153661,0.0417885,0.0240382,8.57311,0.00155752,59.5624,59.5052,57.8179,0.0584238,0.0533505,0.0583079,3.86295,-3.28008,5.10049,0.00334438,-0.049752,-0.00858987,58.0928,59.6124,59.1865,0.0592382,0.0562505,0.0546457,59.9673,0,nan,nan,nan,4,4,8
0,60,60,5.69102,0.0348594,4.62987,-1.52251,2.93836,0.0267419,0.0190131,0.0117706,8.48055,0.00155413,59.5564,59.4991,57.7851,0.0583982,0.0532396,0.0582805,1.25735,-2.35483,5.02609,-0.00527833,-0.032326,0.0119307,58.0644,59.6071,59.1754,0.0592288,0.0561863,0.054557,59.966,0,nan,nan,nan,4,4,8
0,61,61,6.38053,0.0376153,5.74087,-1.99852,1.93896,0.0375225,-0.00263166,0.00020529,8.4195,0.00155472,59.5504,59.493,57.7523,0.0583726,0.0531286,0.058253,0.0908052,-2.06721,6.03569,-0.0133586,-0.0157819,0.0314227,58.0361,59.6018,59.1644,0.0592195,0.056122,0.0544683,59.9647,0,nan,nan,nan,4,4,8
0,62,62,5.9543,0.0363833,5.38067,-1.92109,1.67676,0.0363542,-0.000257283,0.00143338,8.95116,0.00154901,59.5444,59.487,57.7196,0.058347,0.0530176,0.0582255,-0.0258685,-1.83768,5.66357,-0.0125273,-0.0175765,0.0292896,58.0079,59.5965,59.1534,0.0592103,0.0560576,0.0543795,59.9635,0,nan,nan,nan,4,4,8
0,63,63,5.48561,0.0337055,5.1613,-0.996451,1.56843,0.0292977,0.0141572,0.00879095,9.68925,0.00156029,59.5384,59.4809,57.687,0.0583215,0.0529065,0.0581981,-0.30485,-2.38546,4.93037,-0.00753608,-0.0284925,0.0163538,57.9797,59.5912,59.1424,0.0592012,0.0559932,0.0542907,59.9623,0,nan,nan,nan,4,4,8
0,64,64,5.37927,0.0388403,4.88151,-0.529066,2.19716,0.0228407,0.027281,0.0155763,10.4724,0.00155727,59.5324,59.4749,57.6544,0.0582959,0.0527953,0.0581706,0.217591,-2.8925,4.5302,-0.00291822,-0.0384607,0.00456381,57.9517,59.5859,59.1315,0.0591922,0.0559286,0.054202,59.9612,0,nan,nan,nan,4,4,8
0,65,65,5.01059,0.0535869,4.51781,0.737688,2.03746,0.0139765,0.0453086,0.0249668,10.6944,0.0015608,59.5265,59.4689,57.622,0.0582704,0.0526842,0.0581432,-0.151641,-3.60779,3.47375,0.00347561,-0.052197,-0.0116166,57.9237,59.5806,59.1206,0.0591833,0.055864,0.0541132,59.9601,0,nan,nan,nan,4,4,8
0,66,66,5.96084,0.0681829,4.82708,1.38027,3.21336,0.00700291,0.0595286,0.0324993,11.3695,0.00154939,59.5206,59.4629,57.5896,0.0582449,0.052573,0.0581158,0.573372,-4.77377,3.52334,0.00860041,-0.0631049,-0.0243457,57.8959,59.5753,59.1097,0.0591745,0.0557993,0.0540244,59.9591,0,nan,nan,nan,4,4,8
0,67,67,6.04632,0.0832695,4.26977,1.89284,3.83982,0.000264399,0.0732008,0.039691,11.8877,0.00155482,59.5148,59.4569,57.5574,0.0582194,0.0524618,0.0580883,1.18437,-5.18521,2.87556,0.0134807,-0.0735604,-0.0366188,57.8681,59.57,59.0989,0.0591658,0.0557346,0.0539356,59.9581,0,nan,nan,nan,4,4,8
0,68,68,6.47654,0.113877,3.37683,3.18939,4.51335,-0.0133796,0.100085,0.0526492,12.5084,0.00155091,59.5089,59.4509,57.5252,0.0581939,0.0523506,0.0580609,1.73691,-6.05421,1.5084,0.0222104,-0.0933996,-0.0612465,57.8404,59.5647,59.0881,0.0591572,0.0556698,0.0538468,59.9572,0,nan,nan,nan,4,4,8
0,69,69,6.77129,0.119821,2.85812,3.08718,5.30574,-0.0152945,0.104636,0.0563423,12.4492,0.0015584,59.5031,59.4449,57.4931,0.0581684,0.0522394,0.0580335,2.65608,-6.09626,1.2772,0.0247954,-0.0976414,-0.0648715,57.8128,59.5594,59.0774,0.0591487,0.0556049,0.0537581,59.9563,0,nan,nan,nan,4,4,8
0,70,70,7.19874,0.139322,1.87569,3.78189,5.83103,-0.0233943,0.120958,0.0650585,12.6743,0.0015586,59.4973,59.4389,57.4611,0.058143,0.0521281,0.0580062,3.28678,-6.40237,0.168954,0.0307178,-0.110178,-0.0795473,57.7853,59.5541,59.0666,0.0591402,0.05554,0.0536694,59.9554,0,nan,nan,nan,4,4,8
0,71,71,7.27546,0.156758,0.611633,4.61092,5.59442,-0.0305602,0.135498,0.0726605,12.9487,0.00156573,59.4916,59.433,57.4292,0.0581176,0.0520169,0.0579788,3.31867,-6.33026,-1.35889,0.0358092,-0.121305,-0.0926066,57.7579,59.5488,59.0559,0.0591319,0.0554751,0.0535807,59.9546,0,nan,nan,nan,4,4,8
0,72,72,9.93308,0.17958,0.0284745,4.37187,8.91919,-0.0399817,0.154211,0.082883,13.0627,0.00155405,59.4858,59.427,57.3974,0.0580923,0.0519058,0.0579515,6.51974,-7.40159,-1.17285,0.0428269,-0.135734,-0.109504,57.7305,59.5435,59.0453,0.0591237,0.0554101,0.0534921,59.9538,0,nan,nan,nan,4,4,8
0,73,73,10.9417,0.200378,-0.964027,5.19645,9.58066,-0.0484192,0.171262,0.0920667,13.0718,0.001546,59.4801,59.4211,57.3656,0.0580669,0.0517946,0.0579242,7.23399,-7.86733,-2.34436,0.0490248,-0.148902,-0.124804,57.7033,59.5383,59.0346,0.0591156,0.0553451,0.0534035,59.953,0,nan,nan,nan,4,4,8
0,74,74,11.4149,0.221744,-2.26896,6.54257,9.07444,-0.0571133,0.188789,0.101327,13.0269,0.00155012,59.4744,59.4151,57.3339,0.0580416,0.0516836,0.0578969,6.8931,-8.0454,-4.24921,0.0552316,-0.162352,-0.140576,57.6761,59.533,59.024,0.0591076,0.05528,0.053315,59.9523,0,nan,nan,nan,4,4,8
0,75,75,13.072,0.234356,-2.37066,6.69139,10.9764,-0.061833,0.198759,0.107677,13.0146,0.00155072,59.4687,59.4092,57.3024,0.0580164,0.0515725,0.0578697,8.54683,-8.98924,-4.12573,0.0595649,-0.170626,-0.149202,57.6491,59.5277,59.0134,0.0590996,0.055215,0.0532266,59.9516,0,nan,nan,nan,4,4,8
0,76,76,12.5214,0.229038,-2.29292,7.14878,10.0211,-0.0593134,0.19474,0.104961,12.6857,0.00154647,59.4631,59.4033,57.2708,0.0579912,0.0514616,0.0578425,7.5409,-8.93662,-4.47851,0.0572897,-0.167561,-0.145258,57.6221,59.5224,59.0029,0.0590918,0.0551499,0.0531382,59.9509,0,nan,nan,nan,4,4,8
0,77,77,14.4842,0.261377,-3.88189,8.4188,11.1287,-0.0726022,0.220667,0.119803,12.8476,0.00155741,59.4575,59.3974,57.2394,0.057966,0.0513507,0.0578153,8.74159,-9.66797,-6.31726,0.0676308,-0.187793,-0.168753,57.5951,59.5171,58.9924,0.0590841,0.0550848,0.0530499,59.9502,0,nan,nan,nan,4,4,8
0,78,78,13.1846,0.243896,-3.335,8.71868,9.31113,-0.0655422,0.206432,0.112141,12.2849,0.0015525,59.4519,59.3914,57.2081,0.0579409,0.0512399,0.0577882,6.84722,-9.31646,-6.33671,0.062292,-0.17686,-0.155966,57.5683,59.5118,58.9819,0.0590765,0.0550197,0.0529617,59.9496,0,nan,nan,nan,4,4,8
0,79,79,12.498,0.2277,-3.15362,8.18071,8.90682,-0.0590175,0.193073,0.105294,11.751,0.00155694,59.4463,59.3855,57.1768,0.0579158,0.0511292,0.0577611,6.57706,-8.81312,-5.93902,0.0576269,-0.166709,-0.143995,57.5416,59.5066,58.9714,0.0590691,0.0549546,0.0528737,59.949,0,nan,nan,nan,4,4,8
0,80,80,11.4271,0.206926,-2.52752,7.77845,7.98033,-0.0504269,0.175891,0.0966319,11.1364,0.00155771,59.4408,59.3796,57.1456,0.0578908,0.0510186,0.0577341,5.63933,-8.37757,-5.3472,0.0517253,-0.153793,-0.128415,57.5149,59.5013,58.961,0.0590617,0.0548895,0.0527857,59.9484,0,nan,nan,nan,4,4,8
0,81,81,10.417,0.191516,-2.19779,7.84307,6.49384,-0.0443695,0.163299,0.0896819,10.6927,0.00155645,59.4352,59.3737,57.1145,0.0578658,0.0509082,0.0577072,4.18944,-7.89509,-5.35071,0.0469523,-0.143941,-0.117281,57.4883,59.496,58.9506,0.0590544,0.0548245,0.0526979,59.9478,0,nan,nan,nan,4,4,8
0,82,82,9.33395,0.171698,-1.55498,7.56261,5.24516,-0.0362989,0.14696,0.0810277,10.2905,0.00154789,59.4297,59.3678,57.0835,0.0578409,0.0507979,0.0576802,2.92907,-7.40685,-4.8664,0.0410403,-0.131406,-0.102608,57.4618,59.4907,58.9402,0.0590473,0.0547594,0.0526102,59.9473,0,nan,nan,nan,4,4,8
0,83,83,8.41028,0.151941,-0.607861,7.24699,4.22428,-0.0281712,0.130572,0.0724118,9.99746,0.00155198,59.4243,59.3619,57.0525,0.057816,0.0506877,0.0576534,1.76051,-7.13796,-4.08448,0.0351706,-0.118871,-0.0878565,57.4354,59.4854,58.9299,0.0590402,0.0546944,0.0525226,59.9468,0,nan,nan,nan,4,4,8
0,84,84,7.78323,0.13215,0.592065,6.34759,4.465,-0.0199792,0.113999,0.0637849,9.76298,0.00155044,59.4188,59.356,57.0217,0.0577912,0.0505777,0.0576266,1.76851,-7.13217,-2.56577,0.0293381,-0.106215,-0.0729466,57.4091,59.4801,58.9196,0.0590333,0.0546295,0.0524352,59.9463,0,nan,nan,nan,4,4,8
0,85,85,7.33315,0.111381,1.87885,5.42528,4.56194,-0.0112518,0.0964352,0.0545837,9.61227,0.00154569,59.4134,59.3501,56.9909,0.0577665,0.0504679,0.0575999,1.62431,-7.08261,-0.986584,0.0231104,-0.0927858,-0.0571178,57.3828,59.4748,58.9093,0.0590265,0.0545645,0.0523479,59.9458,0,nan,nan,nan,4,4,8
0,86,86,6.12874,0.0920511,2.15412,5.12341,2.58299,-0.00307752,0.0799195,0.0455719,9.38625,0.00154044,59.408,59.3442,56.9601,0.0577418,0.0503582,0.0575732,-0.121249,-6.06196,-0.894071,0.0169664,-0.0799689,-0.0423145,57.3566,59.4696,58.899,0.0590198,0.0544997,0.0522609,59.9453,0,nan,nan,nan,4,4,8
0,87,87,5.74884,0.0743653,2.8825,4.86276,1.04592,0.0046935,0.0642606,0.0371313,9.1184,0.00153487,59.4026,59.3384,56.9295,0.0577172,0.0502488,0.0575466,-1.66921,-5.48679,-0.397527,0.0112367,-0.0678679,-0.0282468,57.3305,59.4643,58.8888,0.0590132,0.0544348,0.052174,59.9449,0,nan,nan,nan,4,4,8
0,88,88,6.23744,0.0552408,3.89095,4.73685,-1.15256,0.013827,0.0461435,0.0270395,9.06699,0.00153391,59.3972,59.3325,56.8989,0.0576927,0.0501395,0.0575201,-3.94182,-4.83195,0.141404,0.00429361,-0.053771,-0.0119073,57.3045,59.459,58.8786,0.0590067,0.0543701,0.0520872,59.9445,0,nan,nan,nan,4,4,8
0,89,89,6.48386,0.0403398,4.54531,3.97098,-2.36895,0.0226728,0.0283916,0.017526,8.96244,0.00153674,59.3919,59.3266,56.8684,0.0576683,0.0500305,0.0574937,-5.02816,-3.98791,0.92443,-0.00212529,-0.0400768,0.00407795,57.2786,59.4537,58.8684,0.0590004,0.0543054,0.0520007,59.9441,0,nan,nan,nan,4,4,8
0,90,90,7.90012,0.0341708,5.31728,3.66206,-4.55276,0.0316266,0.0104611,0.00761368,8.90979,0.00153304,59.3866,59.3207,56.838,0.0576439,0.0499217,0.0574673,-7.13877,-3.08741,1.38478,-0.0088614,-0.0261031,0.0201927,57.2527,59.4484,58.8582,0.0589942,0.0542408,0.0519144,59.9437,0,nan,nan,nan,4,4,8
0,91,91,9.34197,0.0406256,6.40756,3.20699,-5.99423,0.0400785,-0.00643666,-0.00164793,8.80359,0.00152316,59.3813,59.3148,56.8076,0.0576196,0.0498132,0.057441,-8.68259,-2.57,2.29786,-0.0151291,-0.0129694,0.0354025,57.2269,59.443,58.8481,0.058988,0.0541763,0.0518283,59.9433,0,nan,nan,nan,4,4,8
0,92,92,9.66716,0.0401898,6.41636,3.39035,-6.38669,0.0397718,-0.00560686,-0.00140718,9.12835,0.00151105,59.376,59.3089,56.7774,0.0575954,0.0497049,0.0574148,-9.08442,-2.52184,2.13718,-0.0150596,-0.013554,0.034709,57.2012,59.4377,58.838,0.0589821,0.0541119,0.0517425,59.9429,0,nan,nan,nan,4,4,8
0,93,93,10.1049,0.0346737,5.7678,4.55027,-6.938,0.0335383,0.00722163,0.00502947,9.55112,0.00150788,59.3707,59.303,56.7471,0.0575713,0.0495969,0.0573887,-9.66323,-2.82776,0.856716,-0.0109248,-0.0233219,0.0232163,57.1755,59.4324,58.8279,0.0589762,0.0540476,0.0516569,59.9426,0,nan,nan,nan,4,4,8
0,94,94,10.2351,0.03504,5.29343,5.31298,-6.96484,0.0284072,0.0177699,0.0102497,10.0399,0.00150575,59.3655,59.2971,56.717,0.0575472,0.0494891,0.0573627,-9.73436,-3.16207,0.0280985,-0.00759903,-0.0313203,0.013751,57.15,59.4271,58.8178,0.0589705,0.0539834,0.0515715,59.9422,0,nan,nan,nan,4,4,8
0,95,95,11.2346,0.039863,4.7533,6.50745,-7.82782,0.023283,0.028396,0.0155123,10.441,0.00150259,59.3603,59.2913,56.687,0.0575233,0.0493817,0.0573368,-10.6376,-3.39601,-1.23416,-0.00427339,-0.0394046,0.00425207,57.1245,59.4218,58.8078,0.0589649,0.0539193,0.0514864,59.9419,0,nan,nan,nan,4,4,8
0,96,96,9.855,0.0501262,4.15099,6.62073,-6.0047,0.0167395,0.0415434,0.0225072,10.904,0.00150235,59.3551,59.2854,56.657,0.0574994,0.0492746,0.057311,-8.85554,-4.05586,-1.50015,0.000333961,-0.0495473,-0.00758852,57.0991,59.4165,58.7978,0.0589594,0.0538553,0.0514015,59.9416,0,nan,nan,nan,4,4,8
0,97,97,8.66568,0.0608641,4.0188,6.62163,-3.88552,0.011273,0.052593,0.0284838,11.3795,0.00150464,59.35,59.2795,56.627,0.0574757,0.0491678,0.0572853,-6.96741,-4.99084,-1.28091,0.00426158,-0.0581384,-0.0174986,57.0737,59.4111,58.7878,0.058954,0.0537915,0.051317,59.9413,0,nan,nan,nan,4,4,8
0,98,98,8.18179,0.0729824,2.91403,6.94927,-3.18713,0.00554552,0.0640325,0.0345762,11.7694,0.00151648,59.3449,59.2736,56.5972,0.057452,0.0490613,0.0572597,-6.0314,-5.05224,-2.24474,0.00826167,-0.0669613,-0.0278271,57.0484,59.4058,58.7778,0.0589488,0.0537277,0.0512327,59.941,0,nan,nan,nan,4,4,8
0,99,99,8.76296,0.0881345,2.22654,7.97015,-2.88247,-0.0011481,0.0776116,0.041747,11.9951,0.00150785,59.3397,59.2677,56.5674,0.0574285,0.0489551,0.0572342,-5.81292,-5.64102,-3.34341,0.0129101,-0.0774594,-0.0400132,57.0232,59.4005,58.7679,0.0589437,0.0536642,0.0511487,59.9407,0,nan,nan,nan,4,4,8
0,100,100,9.01352,0.103712,1.8756,8.67287,-1.58337,-0.00780916,0.0911053,0.048938,12.2562,0.00151064,59.3347,59.2618,56.5377,0.057405,0.0488494,0.0572089,-4.7678,-6.61828,-3.83537,0.0175755,-0.0879243,-0.0521202,56.9981,59.3952,58.758,0.0589387,0.0536008,0.051065,59.9404,0,nan,nan,nan,4,4,8
0,101,101,9.39829,0.121847,0.674039,9.35425,-0.609412,-0.0155398,0.106587,0.0569596,12.564,0.00151743,59.3296,59.2559,56.5081,0.0573817,0.0487439,0.0571836,-3.6647,-7.03441,-5.04132,0.0227574,-0.0997868,-0.0661162,56.9731,59.3898,58.7481,0.0589339,0.0535375,0.0509816,59.9402,0,nan,nan,nan,4,4,8
0,102,102,9.8748,0.134165,0.418879,9.84293,0.672996,-0.0204647,0.116757,0.0628423,12.772,0.00152474,59.3246,59.25,56.4785,0.0573584,0.0486389,0.0571585,-2.60816,-7.89025,-5.33416,0.0265994,-0.107951,-0.0750942,56.9481,59.3845,58.7383,0.0589292,0.0534744,0.0508986,59.9399,0,nan,nan,nan,4,4,8
0,103,103,10.8031,0.15252,-1.13182,10.6827,1.14249,-0.0281474,0.132096,0.0708577,12.9567,0.001529,59.3192,59.244,56.4487,0.0573352,0.0485337,0.0571332,-1.85458,-8.02707,-6.98803,0.031772,-0.119739,-0.0889693,56.9231,59.3788,58.7282,0.0589245,0.0534111,0.0508154,59.9397,0,nan,nan,nan,5,5,9
0,104,104,11.9944,0.174372,-2.44141,11.4235,2.72184,-0.0369923,0.150008,0.0808376,13.2247,0.00154128,59.3138,59.2381,56.4189,0.0573106,0.0484208,0.0571054,-0.204866,-8.73055,-8.22192,0.0382943,-0.133862,-0.104976,56.8982,59.3731,58.7181,0.0589188,0.0533429,0.0507269,59.9394,0,nan,nan,nan,5,5,10
0,105,105,12.8811,0.188154,-3.32551,11.6122,4.47442,-0.0419889,0.160786,0.088243,13.3816,0.00154139,59.3085,59.2322,56.3892,0.0572861,0.0483087,0.0570778,1.59652,-9.30111,-8.76711,0.0432558,-0.143193,-0.114134,56.8733,59.3674,58.708,0.0589132,0.053275,0.050639,59.9392,0,nan,nan,nan,5,5,10
0,106,106,14.4587,0.207681,-4.14514,12.2429,6.47936,-0.0496287,0.176526,0.0975042,13.5977,0.0015402,59.3032,59.2262,56.3595,0.0572619,0.0481972,0.0570505,3.45325,-10.3552,-9.48147,0.0493185,-0.155918,-0.128019,56.8485,59.3617,58.6979,0.0589079,0.0532076,0.0505516,59.939,0,nan,nan,nan,5,5,10
0,107,107,13.6166,0.191657,-3.41006,11.9846,5.49102,-0.0434105,0.163518,0.0900526,13.02,0.00153894,59.2979,59.2203,56.3299,0.0572378,0.0480865,0.0570233,2.38133,-10.0293,-8.89687,0.0443463,-0.145508,-0.11659,56.8238,59.3559,58.6879,0.0589027,0.0531405,0.0504649,59.9387,0,nan,nan,nan,5,5,10
0,108,108,13.4042,0.185807,-3.37816,11.4955,6.00955,-0.0416735,0.158895,0.0868309,12.7159,0.00154399,59.2926,59.2143,56.3004,0.0572139,0.0479765,0.0569964,2.96217,-9.92775,-8.50524,0.0422134,-0.141333,-0.112992,56.7991,59.3502,58.6779,0.0588977,0.0530737,0.0503787,59.9385,0,nan,nan,nan,5,5,10
0,109,109,12.8841,0.175333,-2.85606,11.2684,5.55578,-0.0378935,0.150564,0.0814638,12.3931,0.00154424,59.2874,59.2084,56.2709,0.0571902,0.0478672,0.0569697,2.42752,-9.78189,-8.02633,0.0385769,-0.13429,-0.105923,56.7745,59.3445,58.6679,0.0588928,0.0530073,0.050293,59.9383,0,nan,nan,nan,5,5,10
0,110,110,11.8981,0.157591,-1.82777,10.2613,5.73845,-0.0307668,0.135871,0.0736716,12.0472,0.00154323,59.2821,59.2024,56.2415,0.0571666,0.0477587,0.0569433,2.48525,-9.58965,-6.58993,0.0335105,-0.122857,-0.0928347,56.75,59.3388,58.658,0.0588882,0.0529413,0.050208,59.9381,0,nan,nan,nan,5,5,10
0,111,111,11.181,0.140769,-0.385099,10.141,4.69329,-0.0239017,0.121999,0.0660373,11.6226,0.00154168,59.2769,59.1965,56.2122,0.0571432,0.0476509,0.056917,1.04218,-9.66054,-5.53205,0.0284432,-0.111986,-0.0804115,56.7255,59.333,58.6481,0.0588837,0.0528757,0.0501235,59.9379,0,nan,nan,nan,5,5,10
0,112,112,10.6246,0.12493,0.462935,10.2861,2.62008,-0.0174415,0.108963,0.058569,11.2474,0.00152471,59.2717,59.1905,56.1829,0.0571201,0.0475438,0.056891,-1.13544,-9.16088,-5.26038,0.0234329,-0.101628,-0.0687752,56.7011,59.3273,58.6381,0.0588794,0.0528104,0.0500397,59.9377,0,nan,nan,nan,5,5,10
0,113,113,10.4313,0.109229,1.94494,10.09,1.79507,-0.01094,0.0958157,0.0512899,10.8783,0.00153089,59.2666,59.1845,56.1537,0.057097,0.0474374,0.0568652,-2.38023,-9.29485,-4.093,0.0186181,-0.0912908,-0.0570118,56.6768,59.3215,58.6283,0.0588753,0.0527455,0.0499564,59.9376,0,nan,nan,nan,5,5,10
0,114,114,9.74596,0.0936148,2.63068,9.28475,1.36264,-0.00451943,0.0824377,0.0441287,10.5185,0.00152021,59.2614,59.1786,56.1246,0.0570742,0.0473318,0.0568396,-2.77941,-8.79705,-3.14174,0.014023,-0.0807944,-0.0451593,56.6525,59.3158,58.6184,0.0588713,0.052681,0.0498737,59.9374,0,nan,nan,nan,5,5,10
0,115,115,9.20114,0.0685385,4.09914,8.23758,-0.0206173,0.00693291,0.0597822,0.0327956,10.0967,0.0015193,59.2563,59.1726,56.0955,0.0570516,0.0472269,0.0568143,-4.23297,-8.01702,-1.57179,0.00675655,-0.0636506,-0.0245048,56.6283,59.31,58.6085,0.0588675,0.0526168,0.0497916,59.9372,0,nan,nan,nan,5,5,10
0,116,116,8.20974,0.0520337,4.33996,6.9199,-0.824405,0.0146919,0.0437518,0.02403,9.89576,0.00151328,59.2512,59.1666,56.0665,0.0570291,0.0471228,0.0567891,-4.61261,-6.75199,-0.730955,0.00111225,-0.0509963,-0.0102786,56.6042,59.3043,58.5987,0.0588639,0.052553,0.0497101,59.9371,0,nan,nan,nan,5,5,10
0,117,117,8.28462,0.0401871,5.23926,6.18302,-1.71912,0.0215358,0.0297922,0.0162369,9.64455,0.00151098,59.2461,59.1606,56.0375,0.0570068,0.0470194,0.0567642,-5.51396,-6.17683,0.279238,-0.00396526,-0.0399329,0.00215468,56.5801,59.2985,58.5889,0.0588605,0.0524896,0.0496292,59.9369,0,nan,nan,nan,5,5,10
0,118,118,8.5487,0.0332338,5.66802,5.39746,-3.4382,0.0290684,0.0143143,0.00739004,9.44256,0.00151196,59.2411,59.1546,56.0086,0.0569847,0.0469167,0.0567396,-6.92174,-4.94994,0.817275,-0.00973121,-0.0275338,0.0158644,56.5561,59.2927,58.5791,0.0588572,0.0524266,0.0495489,59.9368,0,nan,nan,nan,5,5,10
0,119,119,10.7045,0.037355,6.88054,5.33055,-6.23131,0.0372317,-0.00209021,-0.00219611,9.22628,0.00151892,59.2361,59.1486,55.9798,0.0569628,0.0468148,0.0567151,-9.79209,-4.09402,1.39278,-0.0160761,-0.014365,0.0305057,56.5322,59.287,58.5694,0.0588541,0.052364,0.0494692,59.9366,0,nan,nan,nan,5,5,10
0,120,120,12.469,0.0468537,8.13979,5.21429,-7.87602,0.0434769,-0.0146927,-0.00944224,8.98467,0.00153187,59.231,59.1426,55.951,0.0569411,0.0467136,0.0566909,-11.676,-3.77649,2.21046,-0.0208271,-0.00428497,0.041751,56.5083,59.2812,58.5596,0.0588511,0.0523017,0.0493901,59.9365,0,nan,nan,nan,5,5,10
0,121,121,14.3868,0.0632592,9.41264,4.67643,-9.8241,0.0516842,-0.0312515,-0.0188098,8.83665,0.0015257,59.2261,59.1365,55.9223,0.0569195,0.0466132,0.0566669,-13.6923,-3.00083,3.23962,-0.0269199,0.00888815,0.0565512,56.4845,59.2754,58.5499,0.0588483,0.0522398,0.0493116,59.9363,0,nan,nan,nan,5,5,10
0,122,122,14.6917,0.0636003,9.70762,4.6641,-9.99269,0.0519282,-0.0313755,-0.0190798,9.08624,0.00153194,59.2211,59.1305,55.8937,0.0568981,0.0465136,0.0566431,-13.9533,-3.03491,3.45565,-0.0272044,0.00901858,0.0567767,56.4607,59.2696,58.5402,0.0588457,0.0521783,0.0492336,59.9362,0,nan,nan,nan,5,5,10
0,123,123,14.3604,0.0531202,9.21001,5.28823,-9.66605,0.046948,-0.0208027,-0.0135974,9.51336,0.00152473,59.2161,59.1245,55.8651,0.0568769,0.0464147,0.0566195,-13.6738,-3.42341,2.74399,-0.0238539,0.000753827,0.0474571,56.437,59.2638,58.5306,0.0588432,0.0521172,0.0491563,59.9361,0,nan,nan,nan,5,5,10
0,124,124,12.9245,0.0422924,7.94956,5.48918,-8.5858,0.0408925,-0.0084207,-0.00674865,9.92156,0.00152794,59.2112,59.1184,55.8366,0.0568559,0.0463165,0.0565962,-12.3072,-3.51759,1.78915,-0.0194857,-0.00904058,0.0364311,56.4134,59.258,58.5209,0.0588409,0.0520564,0.0490796,59.936,0,nan,nan,nan,5,5,10
0,125,125,12.1475,0.0344885,7.19163,6.25603,-7.53025,0.0339389,0.00602825,0.00112565,10.2584,0.00152715,59.2063,59.1124,55.8081,0.056835,0.0462191,0.056573,-11.3437,-4.25148,0.898502,-0.0145487,-0.0204726,0.0236361,56.3898,59.2522,58.5113,0.0588388,0.0519961,0.0490035,59.9358,0,nan,nan,nan,5,5,10
0,126,126,11.1694,0.0342437,6.14434,6.62165,-6.56935,0.0282321,0.0178004,0.00766329,10.5743,0.00152273,59.2014,59.1063,55.7797,0.0568143,0.0461225,0.0565501,-10.2183,-4.51012,-0.00161099,-0.0104197,-0.0298311,0.0131973,56.3663,59.2464,58.5017,0.0588368,0.0519361,0.0489279,59.9357,0,nan,nan,nan,5,5,10
0,127,127,10.3922,0.041032,4.14066,7.16167,-6.28992,0.0214961,0.0315332,0.0150732,10.8626,0.00152362,59.1965,59.1003,55.7513,0.0567938,0.0460266,0.0565274,-9.35039,-4.13205,-1.86924,-0.00576845,-0.040614,0.000924035,56.3429,59.2406,58.4921,0.058835,0.0518765,0.048853,59.9356,0,nan,nan,nan,5,5,10
0,128,128,10.2938,0.0585932,2.29328,8.32781,-5.5991,0.0113027,0.0518157,0.0249107,11.2103,0.00153179,59.1917,59.0942,55.723,0.0567735,0.0459315,0.056505,-8.39224,-4.49361,-3.91654,0.000241744,-0.0558972,-0.0175672,56.3195,59.2347,58.4825,0.0588333,0.0518173,0.0487787,59.9355,0,nan,nan,nan,5,5,10
0,129,129,9.52207,0.0682541,1.6907,8.46293,-4.0237,0.00736928,0.0604074,0.0309072,11.363,0.00152568,59.1869,59.0881,55.6948,0.0567534,0.0458371,0.0564827,-6.84519,-5.08825,-4.23355,0.00417248,-0.0634468,-0.0248138,56.2961,59.2289,58.473,0.0588318,0.0517584,0.0487049,59.9354,0,nan,nan,nan,5,5,10
0,130,130,9.64066,0.0834444,0.537213,9.15164,-2.9835,0.000682933,0.0740589,0.038442,11.5556,0.00151493,59.1821,59.082,55.6666,0.0567334,0.0457435,0.0564607,-5.71418,-5.58392,-5.39539,0.00889343,-0.0742719,-0.0369807,56.2729,59.2231,58.4634,0.0588304,0.0517,0.0486318,59.9353,0,nan,nan,nan,5,5,10
0,131,131,9.86386,0.100269,-0.585051,9.74048,-1.44096,-0.00641377,0.0885812,0.0465425,11.782,0.00151885,59.1773,59.076,55.6385,0.0567136,0.0456506,0.0564389,-4.13371,-6.26806,-6.39684,0.0139698,-0.085843,-0.0498978,56.2496,59.2172,58.4539,0.0588292,0.0516419,0.0485592,59.9352,0,nan,nan,nan,5,5,10
0,132,132,11.3682,0.118204,-0.668364,11.3362,-0.529378,-0.0137314,0.103755,0.0549401,11.8732,0.0015202,59.1725,59.0699,55.6105,0.056694,0.0455585,0.0564173,-3.83752,-7.86252,-7.25886,0.0191645,-0.0979515,-0.0633273,56.2265,59.2114,58.4444,0.0588282,0.0515842,0.0484873,59.9351,0,nan,nan,nan,5,5,10
0,133,133,12.196,0.130289,-0.905787,12.153,0.4743,-0.0182737,0.113654,0.0610244,12.0169,0.00151813,59.1678,59.0638,55.5825,0.0566745,0.0454672,0.0563959,-3.15107,-8.85423,-7.77271,0.0229461,-0.106263,-0.0718112,56.2034,59.2055,58.435,0.0588272,0.0515269,0.0484159,59.935,0,nan,nan,nan,5,5,10
0,134,134,12.8588,0.146564,-2.72443,12.3858,2.12544,-0.0248444,0.126926,0.0689459,12.1973,0.0015108,59.1631,59.0576,55.5545,0.0566553,0.0453766,0.0563748,-1.08525,-9.01727,-9.1027,0.0280173,-0.117074,-0.0836044,56.1803,59.1997,58.4255,0.0588265,0.05147,0.0483451,59.9349,0,nan,nan,nan,5,5,10
0,135,135,13.0176,0.147107,-1.696,12.4183,3.5166,-0.0243691,0.12751,0.0691934,12.1621,0.00151364,59.1584,59.0515,55.5266,0.0566362,0.0452868,0.0563538,-0.326195,-10.193,-8.09037,0.0277709,-0.117864,-0.0835308,56.1574,59.1938,58.4161,0.0588259,0.0514135,0.048275,59.9348,0,nan,nan,nan,5,5,10
0,136,136,13.6567,0.150769,-1.81348,13.1156,3.34607,-0.0264328,0.130335,0.0710306,12.1215,0.00152399,59.1537,59.0454,55.4988,0.0566172,0.0451977,0.0563331,-0.657435,-10.573,-8.61879,0.0291825,-0.119955,-0.0865466,56.1344,59.1879,58.4067,0.0588254,0.0513573,0.0482054,59.9347,0,nan,nan,nan,5,5,10
0,137,137,13.9303,0.14809,-2.02902,13.6071,2.18722,-0.0259307,0.128524,0.0688453,11.9384,0.00151991,59.149,59.0393,55.471,0.0565985,0.0451093,0.0563125,-1.72786,-10.2662,-9.25606,0.0276196,-0.117775,-0.0854208,56.1116,59.1821,58.3973,0.0588251,0.0513015,0.0481364,59.9346,0,nan,nan,nan,5,5,10
0,138,138,13.7877,0.138334,-1.1215,13.649,1.59674,-0.0220305,0.12038,0.0644948,11.6972,0.00150991,59.1444,59.0331,55.4433,0.0565799,0.0450218,0.0562922,-2.62001,-10.4129,-8.64923,0.0248941,-0.111354,-0.0782107,56.0887,59.1762,58.388,0.0588249,0.0512461,0.048068,59.9345,0,nan,nan,nan,5,5,10
0,139,139,13.3459,0.127602,-0.257275,13.2686,1.41108,-0.0177312,0.111386,0.0596753,11.5175,0.00151699,59.1398,59.027,55.4156,0.0565615,0.0449349,0.0562721,-3.01143,-10.4267,-7.76724,0.0218916,-0.104246,-0.0702567,56.066,59.1703,58.3786,0.0588248,0.0511911,0.0480002,59.9344,0,nan,nan,nan,5,5,10
0,140,140,13.3091,0.117582,0.521413,13.2906,0.468928,-0.0136791,0.103,0.0550413,11.3246,0.00150797,59.1352,59.0208,55.388,0.0565432,0.0448488,0.0562522,-4.14559,-10.3238,-7.30515,0.018959,-0.0975647,-0.0628272,56.0433,59.1644,58.3693,0.0588249,0.0511365,0.0479329,59.9344,0,nan,nan,nan,5,5,10
0,141,141,13.2919,0.105242,1.81012,13.1635,-0.348131,-0.00858307,0.0925588,0.049347,11.1418,0.00151603,59.1306,59.0146,55.3604,0.0565252,0.0447635,0.0562325,-5.33084,-10.4009,-6.33077,0.0153777,-0.0892999,-0.0535254,56.0206,59.1585,58.36,0.0588251,0.0510822,0.0478663,59.9343,0,nan,nan,nan,5,5,10
0,142,142,13.6546,0.0936393,2.79559,13.2455,-1.78623,-0.00374957,0.0827326,0.0436988,10.9828,0.00152412,59.126,59.0084,55.3329,0.0565072,0.0446789,0.0562131,-6.99164,-10.1856,-5.81541,0.0117521,-0.0813907,-0.0447858,55.998,59.1526,58.3507,0.0588255,0.0510283,0.0478002,59.9342,0,nan,nan,nan,5,5,10
0,143,143,14.3573,0.0810771,3.65061,13.3551,-3.80081,0.00166889,0.0718781,0.0374732,10.8417,0.0015224,59.1215,59.0023,55.3054,0.0564895,0.0445951,0.0561938,-9.10013,-9.6425,-5.50845,0.00774385,-0.0726902,-0.0350665,55.9754,59.1467,58.3414,0.058826,0.0509748,0.0477347,59.9341,0,nan,nan,nan,5,5,10
0,144,144,14.5673,0.0689713,4.65413,12.986,-4.68079,0.00702084,0.0609429,0.0315233,10.7331,0.00153145,59.117,58.9961,55.278,0.0564719,0.044512,0.0561747,-10.1435,-9.37505,-4.62865,0.00403564,-0.0640323,-0.0253105,55.9529,59.1408,58.3322,0.0588266,0.0509216,0.0476697,59.934,0,nan,nan,nan,5,5,10
0,145,145,14.9397,0.0585293,5.57758,12.7038,-5.54053,0.0118055,0.0510689,0.0260438,10.6075,0.00152169,59.1125,58.9899,55.2507,0.0564545,0.0444296,0.0561559,-11.1653,-9.14484,-3.8605,0.000621841,-0.0561356,-0.0165557,55.9305,59.1349,58.323,0.0588274,0.0508689,0.0476054,59.934,0,nan,nan,nan,5,5,10
0,146,146,15.7822,0.046257,6.03174,12.3777,-7.71286,0.0181129,0.0381725,0.0188279,10.4857,0.00151948,59.108,58.9836,55.2234,0.0564372,0.044348,0.0561372,-13.0999,-8.01324,-3.64109,-0.00388606,-0.0458122,-0.00508402,55.9081,59.129,58.3138,0.0588283,0.0508165,0.0475416,59.9339,0,nan,nan,nan,5,5,10
0,147,147,17.1956,0.0380244,7.49222,12.4053,-9.25548,0.0237352,0.0269634,0.0124687,10.3673,0.00151785,59.1035,58.9774,55.1961,0.0564201,0.044267,0.0561187,-15.0229,-7.90799,-2.73201,-0.00792783,-0.0368532,0.00498488,55.8858,59.123,58.3046,0.0588293,0.0507645,0.0474784,59.9338,0,nan,nan,nan,5,5,10
0,148,148,18.362,0.033829,8.75449,12.168,-10.6048,0.0293616,0.0156786,0.00603926,10.3065,0.00152241,59.0991,58.9712,55.1689,0.0564032,0.0441869,0.0561005,-16.6131,-7.61223,-1.79569,-0.0119943,-0.0277994,0.0150907,55.8635,59.1171,58.2954,0.0588305,0.0507128,0.0474158,59.9338,0,nan,nan,nan,5,5,10
0,149,149,19.8993,0.0348108,9.58482,12.1789,-12.4815,0.0343364,0.00572229,0.00024397,10.2156,0.00151279,59.0946,58.965,55.1418,0.0563864,0.0441074,0.0560824,-18.5576,-7.03954,-1.42932,-0.0156824,-0.019749,0.0239964,55.8412,59.1112,58.2863,0.0588317,0.0506615,0.0473537,59.9337,0,nan,nan,nan,5,5,10
0,150,150,20.6457,0.0406207,10.9463,11.6135,-13.0976,0.0398303,-0.00538039,-0.00588541,10.1837,0.00150893,59.0902,58.9587,55.1147,0.0563698,0.0440287,0.0560645,-19.4548,-6.90972,-0.109305,-0.0194766,-0.0109109,0.033936,55.819,59.1052,58.2771,0.0588331,0.0506106,0.0472922,59.9336,0,nan,nan,nan,5,5,10
0,151,151,23.0171,0.0504661,12.3841,11.7734,-15.421,0.0457469,-0.0169492,-0.0129139,10.1283,0.00151424,59.0859,58.9525,55.0876,0.0563534,0.0439507,0.0560468,-22.0754,-6.49001,0.584443,-0.0240418,-0.00146028,0.0443473,55.7969,59.0993,58.268,0.0588347,0.05056,0.0472312,59.9335,0,nan,nan,nan,5,5,10
0,152,152,22.4419,0.0496014,12.4142,11.3548,-14.8524,0.0453271,-0.0158303,-0.0124561,10.2651,0.00151997,59.0815,58.9462,55.0606,0.0563371,0.0438735,0.0560294,-21.4696,-6.46597,0.941059,-0.0238535,-0.00231389,0.0434276,55.7748,59.0933,58.2589,0.0588363,0.0505098,0.0471708,59.9335,0,nan,nan,nan,5,5,10
0,153,153,21.4107,0.0407299,11.3255,11.6575,-13.9374,0.0399465,-0.00457669,-0.00650034,10.3828,0.00152579,59.0772,58.9399,55.0337,0.0563209,0.0437969,0.0560121,-20.3517,-6.64991,0.0377893,-0.0203355,-0.011208,0.033463,55.7527,59.0874,58.2499,0.0588381,0.05046,0.0471109,59.9334,0,nan,nan,nan,5,5,10
0,154,154,20.1463,0.035817,10.3676,11.6418,-12.7615,0.0354786,0.00471805,-0.00136572,10.5111,0.00153242,59.0728,58.9337,55.0068,0.0563049,0.0437211,0.055995,-18.96,-6.79025,-0.534718,-0.0172479,-0.0186536,0.025247,55.7307,59.0814,58.2408,0.05884,0.0504105,0.0470516,59.9334,0,nan,nan,nan,5,5,10
0,155,155,19.4125,0.0343081,9.75903,12.0368,-11.6927,0.0305604,0.0150127,0.00421013,10.5789,0.00153156,59.0685,58.9274,54.9799,0.0562891,0.0436459,0.0559781,-17.9394,-7.33762,-1.08651,-0.0139445,-0.0268633,0.0161542,55.7088,59.0755,58.2318,0.058842,0.0503614,0.0469929,59.9333,0,nan,nan,nan,5,5,10
0,156,156,17.8849,0.0368174,8.78872,11.8277,-10.1358,0.0261483,0.0241463,0.00942055,10.7164,0.00151926,59.0642,58.9211,54.9531,0.0562734,0.0435715,0.0559613,-16.1552,-7.52586,-1.497,-0.0107817,-0.0342615,0.00808865,55.6869,59.0695,58.2228,0.0588441,0.0503126,0.0469346,59.9332,0,nan,nan,nan,5,5,10
0,157,157,17.4268,0.0465452,6.5986,12.562,-10.1168,0.0182679,0.0396093,0.0162431,10.7525,0.00152282,59.06,58.9148,54.9264,0.0562579,0.0434978,0.0559448,-15.4916,-7.0895,-3.66681,-0.00695562,-0.0456031,-0.00619944,55.665,59.0635,58.2138,0.0588463,0.0502642,0.046877,59.9332,0,nan,nan,nan,5,5,10
0,158,158,18.0609,0.0556378,5.48235,13.552,-10.6058,0.0137282,0.0494545,0.0214792,10.7507,0.001523,59.0557,58.9084,54.8997,0.0562425,0.0434248,0.0559285,-15.7846,-7.06387,-5.21015,-0.00397921,-0.0534911,-0.0147797,55.6432,59.0575,58.2048,0.0588487,0.0502161,0.0468198,59.9331,0,nan,nan,nan,5,5,10
0,159,159,16.9875,0.0678428,4.29867,13.7515,-8.99946,0.00790726,0.0612945,0.0279841,10.7779,0.00152525,59.0515,58.9021,54.873,0.0562273,0.0433524,0.0559123,-14.0081,-7.4884,-6.02242,-8.0357e-05,-0.062927,-0.0253541,55.6215,59.0515,58.1959,0.0588511,0.0501684,0.0467632,59.933,0,nan,nan,nan,5,5,10
0,160,160,16.6231,0.0790485,3.4227,14.1691,-7.9907,0.00298379,0.071518,0.03354,10.8135,0.00152276,59.0473,58.8958,54.8464,0.0562122,0.0432808,0.0558963,-12.9384,-7.90941,-6.80934,0.00317582,-0.071094,-0.0344125,55.5997,59.0455,58.1869,0.0588537,0.0501211,0.0467072,59.933,0,nan,nan,nan,5,5,10
0,161,161,15.7898,0.0919371,2.57995,14.3475,-6.06718,-0.00257899,0.0827284,0.0400223,10.831,0.00152482,59.0431,58.8894,54.8199,0.0561973,0.0432099,0.0558805,-11.0275,-8.63576,-7.28942,0.0071371,-0.0801793,-0.0444159,55.5781,59.0396,58.178,0.0588564,0.050074,0.0466516,59.9329,0,nan,nan,nan,5,5,10
0,162,162,15.68,0.105117,1.62302,14.8479,-4.77139,-0.00808326,0.0940445,0.0462592,10.812,0.00153219,59.0389,58.8831,54.7933,0.0561825,0.0431396,0.0558649,-9.71064,-9.23136,-8.14533,0.0108188,-0.0892487,-0.0544724,55.5564,59.0336,58.1691,0.0588592,0.0500274,0.0465966,59.9329,0,nan,nan,nan,5,5,10
0,163,163,16.0094,0.120703,0.260175,15.5795,-3.67606,-0.0144943,0.107153,0.0536413,10.7439,0.00152335,59.0348,58.8767,54.7669,0.0561678,0.04307,0.0558494,-8.47508,-9.71632,-9.49039,0.0152267,-0.0998241,-0.0661256,55.5349,59.0275,58.1602,0.058862,0.049981,0.0465421,59.9328,0,nan,nan,nan,5,5,10
0,164,164,16.0548,0.13101,-0.414683,15.9122,-2.09432,-0.0180397,0.115198,0.0597286,10.7476,0.00151894,59.0306,58.8704,54.7404,0.0561533,0.0430011,0.0558341,-6.97735,-10.4632,-9.97978,0.019055,-0.107289,-0.0727289,55.5133,59.0215,58.1514,0.058865,0.0499351,0.0464881,59.9327,0,nan,nan,nan,5,5,10
0,165,165,16.0232,0.127252,-0.442558,15.8606,-2.23363,-0.0167095,0.112028,0.0579946,10.7371,0.00151944,59.0265,58.864,54.7141,0.056139,0.0429329,0.055819,-7.0731,-10.337,-9.99302,0.0180414,-0.104673,-0.0700784,55.4918,59.0155,58.1425,0.0588681,0.0498894,0.0464346,59.9327,0,nan,nan,nan,5,5,10
0,166,166,16.3871,0.121467,-0.104817,16.0991,-3.05702,-0.0145469,0.107262,0.0551133,10.7045,0.00151726,59.0224,58.8576,54.6877,0.0561248,0.0428654,0.0558041,-7.9963,-10.2366,-9.99046,0.0162588,-0.100663,-0.0660055,55.4704,59.0095,58.1337,0.0588713,0.0498441,0.0463817,59.9326,0,nan,nan,nan,5,5,10
0,167,167,16.4463,0.114859,0.349363,16.0761,-3.45222,-0.0120756,0.101738,0.0519243,10.7056,0.00152047,59.0184,58.8512,54.6614,0.0561107,0.0427985,0.0557894,-8.51683,-10.2135,-9.67629,0.0143509,-0.0960739,-0.0612902,55.449,59.0035,58.1249,0.0588746,0.0497991,0.0463292,59.9326,0,nan,nan,nan,5,5,10
0,168,168,17.0432,0.110962,0.687757,16.4972,-4.22351,-0.0108134,0.0987085,0.0495197,10.6718,0.00152333,59.0143,58.8448,54.6352,0.0560967,0.0427322,0.0557748,-9.4581,-10.2722,-9.77225,0.012764,-0.093182,-0.0588786,55.4276,58.9975,58.1161,0.058878,0.0497545,0.0462773,59.9325,0,nan,nan,nan,5,5,10
0,169,169,17.8217,0.102759,1.98843,16.9294,-5.20131,-0.00735676,0.0917814,0.0456224,10.6845,0.00151991,59.0103,58.8384,54.609,0.0560829,0.0426667,0.0557603,-10.9756,-10.658,-9.14091,0.010339,-0.0876288,-0.0526654,55.4063,58.9914,58.1074,0.0588815,0.0497101,0.0462258,59.9324,0,nan,nan,nan,5,5,10
0,170,170,18.4793,0.0961511,2.44503,17.2104,-6.26963,-0.00465277,0.0861805,0.0423829,10.6918,0.00151702,59.0062,58.832,54.5828,0.0560693,0.0426017,0.0557461,-12.1692,-10.5106,-9.10622,0.00833619,-0.0830519,-0.0477275,55.385,58.9854,58.0986,0.0588851,0.0496662,0.0461748,59.9324,0,nan,nan,nan,5,5,10
0,171,171,19.032,0.0882777,2.65798,17.2771,-7.5268,-0.00140027,0.0793829,0.0385921,10.7349,0.00151984,59.0022,58.8255,54.5567,0.0560557,0.0425375,0.055732,-13.3479,-9.99932,-9.16868,0.0060554,-0.0775523,-0.0417362,55.3637,58.9793,58.0899,0.0588888,0.0496225,0.0461244,59.9323,0,nan,nan,nan,5,5,10
0,172,172,19.3604,0.0808297,3.36279,17.2513,-8.11854,0.00175879,0.0728309,0.0350145,10.7825,0.00151367,58.9983,58.8191,54.5307,0.0560423,0.0424738,0.0557181,-14.1368,-9.97853,-8.68362,0.00391653,-0.0722987,-0.0359306,55.3425,58.9733,58.0812,0.0588926,0.0495791,0.0460744,59.9323,0,nan,nan,nan,5,5,10
0,173,173,20.0953,0.074766,3.53941,17.4713,-9.27623,0.00427052,0.0674276,0.0320191,10.8024,0.00150666,58.9943,58.8126,54.5046,0.0560291,0.0424109,0.0557043,-15.268,-9.61214,-8.84959,0.00215077,-0.0678998,-0.0312241,55.3214,58.9672,58.0725,0.0588964,0.0495361,0.0460249,59.9322,0,nan,nan,nan,5,5,10
0,174,174,20.0411,0.066019,4.28493,17.0506,-9.62095,0.00816288,0.0593763,0.0276826,10.9057,0.0015073,58.9903,58.8062,54.4787,0.056016,0.0423485,0.0556907,-15.7301,-9.44461,-8.06275,-0.000404981,-0.0614724,-0.0240725,55.3002,58.9612,58.0639,0.0589004,0.0494934,0.0459759,59.9322,0,nan,nan,nan,5,5,10
0,175,175,20.8688,0.0588653,5.39927,17.2596,-10.4144,0.0115564,0.0525427,0.0238923,10.9841,0.00150546,58.9864,58.7997,54.4527,0.0560029,0.0422868,0.0556772,-16.9393,-9.66954,-7.42051,-0.00270286,-0.0559973,-0.0179478,55.2791,58.9551,58.0552,0.0589044,0.049451,0.0459274,59.9321,0,nan,nan,nan,5,5,10
0,176,176,21.6887,0.0505403,6.57124,17.249,-11.3882,0.0158145,0.0440177,0.0191485,11.1033,0.00150875,58.9825,58.7932,54.4268,0.0559901,0.0422257,0.0556639,-18.2491,-9.66403,-6.63132,-0.0055745,-0.0491666,-0.0102901,55.2581,58.9491,58.0466,0.0589085,0.049409,0.0458793,59.932,0,nan,nan,nan,5,5,10
0,177,177,22.3899,0.0438634,6.77909,17.1076,-12.7546,0.0194947,0.0363576,0.0149023,11.2061,0.00150243,58.9786,58.7867,54.401,0.0559773,0.0421652,0.0556508,-19.4435,-8.93273,-6.59263,-0.00807555,-0.0429695,-0.00352283,55.2371,58.943,58.038,0.0589128,0.0493672,0.0458317,59.932,0,nan,nan,nan,5,5,10
0,178,178,23.0788,0.0379438,6.74215,16.7993,-14.3164,0.0234988,0.0279938,0.0101923,11.3323,0.00150102,58.9747,58.7802,54.3752,0.0559647,0.0421053,0.0556378,-20.6419,-7.86841,-6.68073,-0.0108511,-0.0361554,0.00384366,55.2161,58.9369,58.0294,0.0589171,0.0493257,0.0457845,59.9319,0,nan,nan,nan,5,5,10
0,179,179,22.9149,0.0340636,7.66574,16.0338,-14.4654,0.0280447,0.0185952,0.00529537,11.5169,0.00150365,58.9709,58.7737,54.3494,0.0559522,0.0420461,0.055625,-20.8929,-7.62299,-5.52008,-0.0136433,-0.0287207,0.0122191,55.1952,58.9309,58.0208,0.0589214,0.0492846,0.0457379,59.9319,0,nan,nan,nan,5,5,10
0,180,180,23.7401,0.0338318,8.23026,15.7253,-15.766,0.0323778,0.00980786,0.000276555,11.6661,0.00149895,58.9671,58.7672,54.3237,0.0559398,0.0419874,0.0556123,-22.1201,-6.95623,-5.0896,-0.0166508,-0.0215735,0.0200481,55.1743,58.9248,58.0123,0.0589259,0.0492437,0.0456917,59.9318,0,nan,nan,nan,5,5,10
